{"cameraMode":{"drawMode":0,"name":"Shaded","section":"Shading Mode"},"sceneLighting":true,"audioPlay":false,"sceneViewState":{"m_AlwaysRefresh":false,"showFog":true,"showSkybox":true,"showFlares":true,"showImageEffects":true,"showParticleSystems":true,"showVisualEffectGraphs":true,"m_FxEnabled":true},"in2DMode":false,"pivot":{"x":12.233416557312012,"y":5.259734153747559,"z":-62.075157165527347},"rotation":{"x":0.05414092168211937,"y":0.15111327171325684,"z":0.007116613443940878,"w":-0.9873806238174439},"size":9.12024974822998,"orthographic":false}