{"cameraMode":{"drawMode":0,"name":"Shaded","section":"Shading Mode"},"sceneLighting":false,"audioPlay":false,"sceneViewState":{"m_AlwaysRefresh":false,"showFog":true,"showSkybox":false,"showFlares":true,"showImageEffects":true,"showParticleSystems":true,"showVisualEffectGraphs":true,"m_FxEnabled":true},"in2DMode":false,"pivot":{"x":4.0963826179504398,"y":-1.8019131422042847,"z":-4.9966278076171879},"rotation":{"x":0.028974106535315515,"y":0.9715057015419006,"z":-0.17760515213012696,"w":0.15564852952957154},"size":1.4766756296157838,"orthographic":false}